[
    {
        "user_id": "12d653962f09a17f",
        "friend_id": "eb64e1a4eadcef15"
    },
    {
        "user_id": "eb64e1a4eadcef15",
        "friend_id": "12d653962f09a17f"
    },
    {
        "user_id": "eb64e1a4eadcef15",
        "friend_id": "04c763008eddaeef"
    },
    {
        "user_id": "04c763008eddaeef",
        "friend_id": "eb64e1a4eadcef15"
    },
    {
        "user_id": "2a5a39432588a45a",
        "friend_id": "04c763008eddaeef"
    },
    {
        "user_id": "04c763008eddaeef",
        "friend_id": "2a5a39432588a45a"
    }
]