[
    {
        "id": "cf2bad6d69d765d9",
        "user_id": "04c763008eddaeef",
        "image_url": "\/uploads\/2b7121c737c16a1f.png",
        "created_at": 1763983722,
        "expires_at": 1763983752
    },
    {
        "id": "c2de9a5d1beafd08",
        "user_id": "2a5a39432588a45a",
        "image_url": "\/uploads\/6704b0b65055c0d3.png",
        "created_at": 1763986132,
        "expires_at": 1763986162
    },
    {
        "id": "d7fc4c8fb5e11122",
        "user_id": "2a5a39432588a45a",
        "image_url": "\/uploads\/420ba8eb91a9c5e3.png",
        "created_at": 1763986177,
        "expires_at": 1763986207
    },
    {
        "id": "fb38bda4ebe25fb8",
        "user_id": "2a5a39432588a45a",
        "image_url": "\/uploads\/d22dab2f6e8ea7ce.png",
        "created_at": 1763986410,
        "expires_at": 1763986440
    },
    {
        "id": "8abc9941abee11fb",
        "user_id": "04c763008eddaeef",
        "image_url": "\/uploads\/84938aa22e843ede.png",
        "created_at": 1763986462,
        "expires_at": 1763986492
    },
    {
        "id": "c4ccbbde711c200c",
        "user_id": "04c763008eddaeef",
        "image_url": "\/uploads\/0feb411a90ade31b.png",
        "created_at": 1763986531,
        "expires_at": 1763986561
    },
    {
        "id": "fb1229ad3114988c",
        "user_id": "eb64e1a4eadcef15",
        "image_url": "\/uploads\/7ead5fff8b839b30.png",
        "created_at": 1763986994,
        "expires_at": 1763987024
    }
]