[
    {
        "id": "c667e9222bfb35b4",
        "sender_id": "eb64e1a4eadcef15",
        "receiver_id": "04c763008eddaeef",
        "text": "salam",
        "timestamp": 1763987881,
        "read": 1
    },
    {
        "id": "a5a92007232c8af8",
        "sender_id": "04c763008eddaeef",
        "receiver_id": "eb64e1a4eadcef15",
        "text": "Kj",
        "timestamp": 1763987900,
        "read": 1
    },
    {
        "id": "7770ea889e381c02",
        "sender_id": "eb64e1a4eadcef15",
        "receiver_id": "04c763008eddaeef",
        "text": "test",
        "timestamp": 1763990205,
        "read": 1
    },
    {
        "id": "ce9d807242e73c36",
        "sender_id": "eb64e1a4eadcef15",
        "receiver_id": "04c763008eddaeef",
        "text": "test",
        "timestamp": 1763990208,
        "read": 1
    },
    {
        "id": "94a5380540525e38",
        "sender_id": "eb64e1a4eadcef15",
        "receiver_id": "04c763008eddaeef",
        "text": "gfd",
        "timestamp": 1763990264,
        "read": 1
    },
    {
        "id": "fca16631f2c84d55",
        "sender_id": "eb64e1a4eadcef15",
        "receiver_id": "04c763008eddaeef",
        "text": "kjhgf",
        "timestamp": 1763990265,
        "read": 1
    },
    {
        "id": "164cd9aa97c94359",
        "sender_id": "eb64e1a4eadcef15",
        "receiver_id": "04c763008eddaeef",
        "text": "ojhgf",
        "timestamp": 1763990266,
        "read": 1
    },
    {
        "id": "75583c76f4e9ac1a",
        "sender_id": "eb64e1a4eadcef15",
        "receiver_id": "04c763008eddaeef",
        "text": "jhgf",
        "timestamp": 1763990268,
        "read": 1
    },
    {
        "id": "58005993a6b0d8b5",
        "sender_id": "eb64e1a4eadcef15",
        "receiver_id": "04c763008eddaeef",
        "text": "oiuy",
        "timestamp": 1763990269,
        "read": 1
    },
    {
        "id": "9563654a30983ec6",
        "sender_id": "eb64e1a4eadcef15",
        "receiver_id": "04c763008eddaeef",
        "text": "oiuyt",
        "timestamp": 1763990270,
        "read": 1
    },
    {
        "id": "13472ad227722298",
        "sender_id": "eb64e1a4eadcef15",
        "receiver_id": "04c763008eddaeef",
        "text": "oiuyt",
        "timestamp": 1763990271,
        "read": 1
    },
    {
        "id": "ea71c7c9140b60f8",
        "sender_id": "04c763008eddaeef",
        "receiver_id": "eb64e1a4eadcef15",
        "text": "Hay",
        "timestamp": 1763990277,
        "read": 1
    },
    {
        "id": "d8e285bd1b15b30c",
        "sender_id": "04c763008eddaeef",
        "receiver_id": "eb64e1a4eadcef15",
        "text": "Neyi yoxluyum?",
        "timestamp": 1763990319,
        "read": 1
    },
    {
        "id": "000f129a5dd5849f",
        "sender_id": "eb64e1a4eadcef15",
        "receiver_id": "04c763008eddaeef",
        "text": "gyhn",
        "timestamp": 1763990329,
        "read": 1
    },
    {
        "id": "8c180c086ba3d327",
        "sender_id": "eb64e1a4eadcef15",
        "receiver_id": "04c763008eddaeef",
        "text": "yaz",
        "timestamp": 1763990330,
        "read": 1
    },
    {
        "id": "11e4a47eb9d514ec",
        "sender_id": "eb64e1a4eadcef15",
        "receiver_id": "04c763008eddaeef",
        "text": "gorum",
        "timestamp": 1763990332,
        "read": 1
    },
    {
        "id": "ec4a922179a8748b",
        "sender_id": "eb64e1a4eadcef15",
        "receiver_id": "04c763008eddaeef",
        "text": "canli gelir mesaj",
        "timestamp": 1763990335,
        "read": 1
    },
    {
        "id": "39391a26f6ee5c7c",
        "sender_id": "eb64e1a4eadcef15",
        "receiver_id": "04c763008eddaeef",
        "text": "tez yaz",
        "timestamp": 1763990337,
        "read": 1
    },
    {
        "id": "4921c835c1a4b1bd",
        "sender_id": "eb64e1a4eadcef15",
        "receiver_id": "04c763008eddaeef",
        "text": "alloo",
        "timestamp": 1763990339,
        "read": 1
    },
    {
        "id": "d5b892994be99015",
        "sender_id": "eb64e1a4eadcef15",
        "receiver_id": "04c763008eddaeef",
        "text": "fdfdff",
        "timestamp": 1763990340,
        "read": 1
    },
    {
        "id": "6dced196bcf2af5e",
        "sender_id": "eb64e1a4eadcef15",
        "receiver_id": "04c763008eddaeef",
        "text": "fdfdf",
        "timestamp": 1763990342,
        "read": 1
    },
    {
        "id": "53476359ef5e5a85",
        "sender_id": "eb64e1a4eadcef15",
        "receiver_id": "04c763008eddaeef",
        "text": "dfd",
        "timestamp": 1763990342,
        "read": 1
    },
    {
        "id": "6ad7582dad7b9502",
        "sender_id": "eb64e1a4eadcef15",
        "receiver_id": "04c763008eddaeef",
        "text": "fd",
        "timestamp": 1763990342,
        "read": 1
    },
    {
        "id": "ce054bb771f1261a",
        "sender_id": "eb64e1a4eadcef15",
        "receiver_id": "04c763008eddaeef",
        "text": "f",
        "timestamp": 1763990342,
        "read": 1
    },
    {
        "id": "442ae4b28faf3b49",
        "sender_id": "eb64e1a4eadcef15",
        "receiver_id": "04c763008eddaeef",
        "text": "df",
        "timestamp": 1763990342,
        "read": 1
    },
    {
        "id": "0db702bcffde03fa",
        "sender_id": "eb64e1a4eadcef15",
        "receiver_id": "04c763008eddaeef",
        "text": "df",
        "timestamp": 1763990343,
        "read": 1
    },
    {
        "id": "36abd69f8f8a92e8",
        "sender_id": "eb64e1a4eadcef15",
        "receiver_id": "04c763008eddaeef",
        "text": "d",
        "timestamp": 1763990343,
        "read": 1
    },
    {
        "id": "1fdc303d852bb7bf",
        "sender_id": "eb64e1a4eadcef15",
        "receiver_id": "04c763008eddaeef",
        "text": "fd",
        "timestamp": 1763990343,
        "read": 1
    },
    {
        "id": "e49ddd304e82c74f",
        "sender_id": "eb64e1a4eadcef15",
        "receiver_id": "04c763008eddaeef",
        "text": "f",
        "timestamp": 1763990343,
        "read": 1
    },
    {
        "id": "175565fe8d5900a8",
        "sender_id": "eb64e1a4eadcef15",
        "receiver_id": "04c763008eddaeef",
        "text": "df",
        "timestamp": 1763990343,
        "read": 1
    },
    {
        "id": "a8c69da7a37820d8",
        "sender_id": "eb64e1a4eadcef15",
        "receiver_id": "04c763008eddaeef",
        "text": "d",
        "timestamp": 1763990344,
        "read": 1
    },
    {
        "id": "f63aac00b60ab4d8",
        "sender_id": "04c763008eddaeef",
        "receiver_id": "eb64e1a4eadcef15",
        "text": "Ne yaz\u0131m ay qarda\u015f",
        "timestamp": 1763990344,
        "read": 1
    },
    {
        "id": "275703ac38972702",
        "sender_id": "eb64e1a4eadcef15",
        "receiver_id": "04c763008eddaeef",
        "text": "d",
        "timestamp": 1763990344,
        "read": 1
    },
    {
        "id": "f17ca493bbf920d4",
        "sender_id": "eb64e1a4eadcef15",
        "receiver_id": "04c763008eddaeef",
        "text": "d",
        "timestamp": 1763990344,
        "read": 1
    },
    {
        "id": "01b6fe8fe6b78adc",
        "sender_id": "eb64e1a4eadcef15",
        "receiver_id": "04c763008eddaeef",
        "text": "d",
        "timestamp": 1763990344,
        "read": 1
    },
    {
        "id": "0cb7f70cb81d5c51",
        "sender_id": "04c763008eddaeef",
        "receiver_id": "eb64e1a4eadcef15",
        "text": "Dhd",
        "timestamp": 1763990352,
        "read": 1
    },
    {
        "id": "01ebc4cb0e2b909b",
        "sender_id": "04c763008eddaeef",
        "receiver_id": "eb64e1a4eadcef15",
        "text": "Jdjd",
        "timestamp": 1763990354,
        "read": 1
    },
    {
        "id": "7aac56cc007b5dc6",
        "sender_id": "eb64e1a4eadcef15",
        "receiver_id": "04c763008eddaeef",
        "text": "men cixacam sen coxlu yazzzz",
        "timestamp": 1763990358,
        "read": 1
    },
    {
        "id": "00a2ceced5dddb82",
        "sender_id": "04c763008eddaeef",
        "receiver_id": "eb64e1a4eadcef15",
        "text": "Oki",
        "timestamp": 1763990358,
        "read": 1
    },
    {
        "id": "1ab1fa22813e2015",
        "sender_id": "04c763008eddaeef",
        "receiver_id": "eb64e1a4eadcef15",
        "text": "Hdjdjd",
        "timestamp": 1763990361,
        "read": 1
    },
    {
        "id": "ae6e7c7a5b206752",
        "sender_id": "04c763008eddaeef",
        "receiver_id": "eb64e1a4eadcef15",
        "text": "Hdhdhd",
        "timestamp": 1763990364,
        "read": 1
    },
    {
        "id": "5edb0e507403efe9",
        "sender_id": "04c763008eddaeef",
        "receiver_id": "eb64e1a4eadcef15",
        "text": "Hdhdjd",
        "timestamp": 1763990366,
        "read": 1
    },
    {
        "id": "0cae6b4227346e74",
        "sender_id": "04c763008eddaeef",
        "receiver_id": "eb64e1a4eadcef15",
        "text": "Jdj",
        "timestamp": 1763990368,
        "read": 1
    },
    {
        "id": "c633da3af2aab8f6",
        "sender_id": "eb64e1a4eadcef15",
        "receiver_id": "04c763008eddaeef",
        "text": "yo ag nokte dusmur",
        "timestamp": 1763990376,
        "read": 1
    },
    {
        "id": "2d1b98b1c612d18d",
        "sender_id": "04c763008eddaeef",
        "receiver_id": "eb64e1a4eadcef15",
        "text": "Ble",
        "timestamp": 1763990379,
        "read": 1
    },
    {
        "id": "52e89f7475e9d7ae",
        "sender_id": "eb64e1a4eadcef15",
        "receiver_id": "04c763008eddaeef",
        "text": "nese sikdirsin ag nokte sikirem",
        "timestamp": 1763990403,
        "read": 1
    },
    {
        "id": "76567ef4eb48419d",
        "sender_id": "04c763008eddaeef",
        "receiver_id": "eb64e1a4eadcef15",
        "text": "Aye",
        "timestamp": 1763990431,
        "read": 1
    },
    {
        "id": "5e7fe1b25719348d",
        "sender_id": "04c763008eddaeef",
        "receiver_id": "eb64e1a4eadcef15",
        "text": "\u0130ndide",
        "timestamp": 1763990433,
        "read": 1
    },
    {
        "id": "6074c59cb19972e7",
        "sender_id": "04c763008eddaeef",
        "receiver_id": "eb64e1a4eadcef15",
        "text": "Sekil islemire post atanda sekil gelmir",
        "timestamp": 1763990443,
        "read": 1
    }
]